batch_id,production_date,material_stock,demand,delay
1,2025-04-13,53.258943255158584,81,2.0355324456281383
2,2025-12-15,5.182353682242691,177,0.3300492207012079
3,2025-09-28,33.660427819392055,145,1.7441026698473965
4,2025-04-17,13.441467693897424,141,0.5549904939565742
5,2025-03-13,6.337497047276774,190,4.0411760500461105
6,2025-07-08,98.99602323899452,80,4.7384401298223535
7,2025-01-21,32.235384497472296,127,0.36158237628969303
8,2025-04-13,80.98744458546349,69,4.775576036458507
9,2025-05-02,25.464065476376383,195,2.6128829966837257
10,2025-08-03,68.15027222239293,109,1.4978283897693694
11,2025-11-27,76.02278598896865,183,0.38431037638081755
12,2025-03-29,59.56387406078443,142,2.503121340352089
13,2025-04-10,47.15761885501584,92,3.9725777224537433
14,2025-12-26,41.18409141472685,179,3.5354323863334907
15,2025-06-01,34.88682665429953,109,0.2511300573198688
16,2025-05-11,92.95291442478259,200,0.36450917683951756
17,2025-05-30,83.06194077877291,80,2.0143664131631853
18,2025-11-05,96.50269106665125,54,1.4764524702397164
19,2025-09-15,12.429722348554472,59,1.1619216152802392
20,2025-12-10,73.08674752036443,138,1.405022494543568
21,2025-10-21,93.83404568210378,179,4.017413716484423
22,2025-07-11,18.123306616566015,175,4.64614026815927
23,2025-10-04,6.6496267366777495,60,2.025513472637832
24,2025-06-10,74.11206492900591,105,4.530555010662486
25,2025-11-10,57.44731131799119,132,1.60747850623941
26,2025-01-22,84.1828776758272,186,2.382184931718958
27,2025-09-10,13.97723766262895,148,1.1301449890799986
28,2025-08-24,79.52673118598902,198,3.2023802108792196
29,2025-12-11,20.162732004774455,122,4.894905575874045
30,2025-02-18,16.36559428657045,164,3.0174654802168934
31,2025-02-28,16.426579793099293,56,1.7890704205677443
32,2025-06-19,81.45747202313821,129,3.239087229952642
33,2025-07-07,66.51972206962002,193,0.6146033923269378
34,2025-09-28,52.30654247691193,146,4.443295401326993
35,2025-07-09,35.88304841235025,53,2.515419753899182
36,2025-06-24,87.72005408131082,53,2.24674871019821
37,2025-02-20,39.244510742263536,152,2.929323942267596
38,2025-12-30,81.65994394715771,89,3.1239193139470123
39,2025-02-24,43.91349085702184,66,0.35887903113256514
40,2025-09-01,37.69444294249076,150,3.413086106117012
41,2025-11-16,46.26797856696064,152,1.209658401577648
42,2025-05-11,30.13778741641421,173,3.569763162532949
43,2025-11-03,74.76093801762511,101,4.112673971920984
44,2025-05-15,50.27203900924791,101,4.019792537762601
45,2025-01-21,23.22126951468173,173,2.7625048370394456
46,2025-11-25,89.95745732745685,112,2.600849461553756
47,2025-06-16,38.38912213732114,165,0.7143798066970586
48,2025-10-01,54.35528611139886,111,3.876730752015678
49,2025-03-30,90.6472110964547,56,1.3570469022335718
50,2025-11-12,62.42379959139921,141,2.483477114089733
51,2025-01-14,11.689804070836407,63,1.4213704646375835
52,2025-08-30,93.98321236134751,135,0.6691418149984657
53,2025-09-22,62.770805307141785,182,3.1477884844586828
54,2025-12-12,33.49056146570861,179,0.27166017411451915
55,2025-02-22,13.927207266338726,111,3.743226170631
56,2025-12-06,79.4025189270296,198,1.5879339763055833
57,2025-04-02,62.00727559285135,128,0.0006734650224266003
58,2025-09-21,53.34610919763215,198,2.555645696186149
59,2025-02-04,89.38925830509577,187,0.23425954263801563
60,2025-07-25,78.85972112245308,107,1.3808477891044975
61,2025-03-22,15.167487973275119,169,3.534882437278581
62,2025-02-19,31.172206779554823,182,0.3134481081093293
63,2025-12-26,24.848913981446575,114,4.196692461780012
64,2025-01-02,74.3946292572677,62,0.01909961329291554
65,2025-02-23,3.353243473577938,131,1.2341193460095112
66,2025-04-16,56.98896848713165,188,3.704520280760357
67,2025-09-17,76.24586857406905,198,1.581350748646534
68,2025-11-06,87.67656367617495,101,0.5094619403300676
69,2025-07-10,34.20817487159075,166,1.8011695940021393
70,2025-08-06,82.12573046720128,75,1.3519664319226277
71,2025-02-13,11.063173695520723,83,4.213559510802774
72,2025-06-11,84.64522917345182,101,1.5667395879257158
73,2025-07-21,12.748866233198243,161,3.944662358880036
74,2025-09-27,39.72872905603673,131,4.459360724053674
75,2025-12-17,79.72953657795536,91,2.1690870978826475
76,2025-10-31,14.991742734877377,70,4.54971571927196
77,2025-09-28,22.92513952326415,91,1.8865902698159642
78,2025-08-03,72.22525683930662,190,4.820392082450541
79,2025-09-09,72.00365365460743,162,0.44644762262786464
80,2025-07-09,64.11476328852973,154,3.435096332516214
81,2025-10-23,69.39484444671,66,2.4690702022846436
82,2025-08-01,54.27244433475962,169,1.9382440272782353
83,2025-07-27,25.179905890695274,186,3.1635593937430047
84,2025-08-25,34.56959935039195,178,3.519285458171656
85,2025-12-04,18.159771680142565,179,0.021816348251545437
86,2025-02-22,90.84505613336283,109,0.8347654437359936
87,2025-10-07,58.339179476612046,97,3.5652302531715936
88,2025-08-05,40.08514167636399,78,3.331927067891032
89,2025-09-09,46.20058036441327,146,4.830237525643386
90,2025-07-07,94.72833396118153,59,3.805188951253915
91,2025-02-10,15.33514031160802,107,4.75386353865669
92,2025-06-06,58.62298320167972,70,3.512702507674035
93,2025-01-15,50.5888678884466,77,1.4902610431972159
94,2025-10-28,61.14542354346478,83,0.5268246112542824
95,2025-03-06,1.8110183820840509,57,3.909119316724678
96,2025-12-11,87.21239089441515,128,3.2207461073795796
97,2025-11-23,93.21182824836124,194,0.24093006196648115
98,2025-01-09,56.51331835892089,136,1.8002523295048918
99,2025-12-10,69.66508238768922,137,4.783999077421431
100,2025-05-09,92.24993811772957,118,2.5020057285510062
101,2025-05-16,70.72386343133986,136,2.163645680098523
102,2025-03-04,15.253904291426135,150,2.28849802579647
103,2025-05-19,57.62883601668132,57,1.0444136200258187
104,2025-03-22,60.67150463828559,126,1.8435358543239762
105,2025-06-12,42.4130671302386,136,1.849066279935883
106,2025-10-16,73.64442356247228,92,0.261775100937362
107,2025-09-18,93.43670147690149,178,3.8378381425895913
108,2025-08-19,92.55685129067763,158,2.082522159519395
109,2025-02-10,45.08393714041321,66,4.110899434082117
110,2025-01-28,11.323804584075525,182,4.251740005599477
111,2025-05-15,98.48411989623345,197,1.0599702734932903
112,2025-07-20,83.88980864459342,70,3.2867674108506426
113,2025-11-24,12.466268120326685,107,2.3614090208149086
114,2025-09-25,92.08418826173724,159,4.400783689607425
115,2025-02-02,86.98963620621282,188,1.0787033958822705
116,2025-02-17,51.88380571260721,192,3.389066001550221
117,2025-03-03,59.127543574492925,184,3.038760611263613
118,2025-08-04,39.90027038701302,77,1.476507387859164
119,2025-10-20,5.476163882203133,100,0.6830045182558631
120,2025-04-09,33.519724164590095,54,3.258198802386383
121,2025-06-21,80.28534485980114,54,3.6929872906616534
122,2025-12-26,0.4632023004602859,143,1.5781367188167499
123,2025-08-02,33.34991716911442,145,3.224163020111569
124,2025-02-04,39.81686935909433,57,1.9756545380575163
125,2025-08-15,53.73956029379229,113,3.5660344164130886
126,2025-04-11,91.98556164127605,187,0.9960763744702655
127,2025-05-11,34.634599436596126,87,4.451075013180872
128,2025-09-14,34.69532018962277,160,1.4370479823278988
129,2025-01-05,73.75012481097484,161,1.8389299387807645
130,2025-08-06,45.221794088980715,130,0.2904597604017489
131,2025-09-12,22.460482293998197,185,0.557561061606382
132,2025-12-25,45.24395161326934,153,2.5793095135616406
133,2025-10-10,14.085702037979985,122,1.3379633836398575
134,2025-07-26,17.63869865062233,98,4.177401128710972
135,2025-01-15,49.83677727394797,85,0.07346694327476921
136,2025-12-12,41.89254495045479,175,1.8954702433596808
137,2025-02-11,91.48459010681,117,1.6867277338454634
138,2025-06-28,36.23938991166331,127,0.09663815458800518
139,2025-03-04,58.05883502780434,154,0.6218419950025511
140,2025-12-18,63.22642879195304,171,2.068213374593176
141,2025-08-19,1.3094456588333636,168,2.4643229222372334
142,2025-08-29,66.35373720167107,163,2.0214487362743454
143,2025-02-21,17.803596686975144,59,2.654688392060469
144,2025-04-06,96.10703174694551,198,2.9756583745284075
145,2025-08-10,14.866272775311295,189,0.04961910563917815
146,2025-08-19,41.462412372702374,140,2.3204757972675196
147,2025-08-25,8.534966807864386,51,4.8174962044379415
148,2025-05-23,99.68742518459473,167,2.5951614006477435
149,2025-06-20,50.21950103312426,62,3.387711337294766
150,2025-01-29,59.53850173200438,144,1.559319289584416
151,2025-02-05,6.7076477388427485,193,3.8699568907638127
152,2025-01-13,74.99604703991778,81,3.8646074093805756
153,2025-06-09,20.990559309558577,81,2.6064802382706946
154,2025-11-23,89.80542894407138,173,4.880069116396068
155,2025-07-06,20.513964048200716,60,0.6277510738132669
156,2025-08-31,19.068772066366655,59,0.08473832444790497
157,2025-03-27,3.654966784809488,64,3.8507910587854797
158,2025-10-11,47.206694510999924,66,4.035777686824413
159,2025-03-07,56.48411332626164,195,0.6010361456028812
160,2025-06-19,6.570863942835237,108,1.3279141647930304
161,2025-02-14,77.55276166950105,127,0.08776181683314455
162,2025-03-03,45.32888347480276,173,1.4665430539028235
163,2025-05-14,52.439026932758004,163,3.8657093695933575
164,2025-10-11,44.07627469382282,71,2.5898026385628947
165,2025-01-28,40.0763060875326,81,1.7404779658414404
166,2025-04-18,55.96403313082179,162,1.8586964745316514
167,2025-02-13,15.52402459307125,169,0.006768128577340771
168,2025-12-06,18.19281304952711,198,1.4990026378261794
169,2025-10-13,86.17856210135173,171,3.2322937081896526
170,2025-11-27,94.61154621336327,81,4.870972219081786
171,2025-05-08,37.330931627975296,168,4.235304134919497
172,2025-12-14,27.074467314355378,88,0.11797482322764563
173,2025-08-19,64.39995432390158,61,4.492803023374197
174,2025-07-09,40.87341710980964,67,3.91599206649313
175,2025-08-13,2.538635566034486,198,3.901880617854902
176,2025-10-10,15.615259736619036,190,2.2899787950178574
177,2025-05-01,71.59722288473975,198,1.990026464772514
178,2025-04-26,65.89239419101514,175,1.514578644165963
179,2025-08-21,2.709599250348349,185,0.3284742947718289
180,2025-09-16,22.197216193294945,95,1.1411768174684955
181,2025-12-25,23.10747965880714,153,1.2330181748901232
182,2025-07-17,67.18927435987284,184,2.420385348551008
183,2025-05-17,1.9710537754364155,200,3.7372220329834698
184,2025-11-14,10.410858198457385,135,2.3690491419897333
185,2025-06-14,79.99160853731894,199,0.28922224723580303
186,2025-08-13,17.85446620543336,138,4.78894900494102
187,2025-11-03,65.27461078518748,71,4.713621595470562
188,2025-08-22,23.81827810467265,141,3.925947715742042
189,2025-06-21,9.944139275934516,78,4.9566395078211025
190,2025-06-01,24.317219099945408,62,2.7224116640013145
191,2025-11-11,72.22669318556592,51,4.813841751266031
192,2025-06-09,85.56964681062857,78,0.37802520308375387
193,2025-04-06,83.02198645669915,76,1.8284037413068566
194,2025-08-21,39.71835296184548,99,1.126906340033829
195,2025-06-29,66.80851365706462,144,0.9791654206713502
196,2025-04-23,20.498429541582098,200,0.7040147444633804
197,2025-11-14,29.314773026101328,137,3.1120682078299833
198,2025-02-21,89.63358185211197,93,3.9066092787365254
199,2025-09-25,1.3001923510736035,71,2.891491997101803
200,2025-10-22,8.550853085446807,146,0.7348135479410484
201,2025-04-23,20.78862551460273,52,4.055618849667354
202,2025-04-11,2.6532203873819715,167,3.1797735358186423
203,2025-04-23,18.143543508979732,68,1.9408285306349775
204,2025-03-22,58.304156096969216,72,3.370651477680315
205,2025-07-06,42.1424550592498,79,1.2995248962141641
206,2025-04-23,89.26717110769748,88,1.7259610424710525
207,2025-01-02,81.7443561738441,157,4.587429215659951
208,2025-05-10,34.1817351697876,160,1.452522528357102
209,2025-08-08,25.94234334312925,74,2.349941340789683
210,2025-02-23,37.96924081672669,177,4.450705686980073
211,2025-12-09,59.02949425148078,160,3.538606751337637
212,2025-08-12,26.806364082287626,185,0.31101613082351376
213,2025-08-13,62.4148907849134,155,0.7365152213948517
214,2025-05-06,40.941165219124045,193,0.03920795385958409
215,2025-05-10,55.204718085198024,121,3.154608951145817
216,2025-02-22,43.61265291353167,178,2.2383671270520917
217,2025-06-21,29.44657595419177,157,0.6713742545113777
218,2025-08-06,94.84533069621567,54,4.7896706052838525
219,2025-06-09,76.36057941597608,52,2.6482986197280995
220,2025-07-17,14.011317576645254,181,1.209466470564446
221,2025-09-04,86.84679758979128,153,2.5030178557735376
222,2025-11-20,48.743119824951364,113,3.398101663675539
223,2025-07-22,89.45522268940914,155,0.3811960898678224
224,2025-07-03,79.98552559473153,147,1.37351907523946
225,2025-05-03,42.52135044692334,59,4.034827454419968
226,2025-09-12,2.24693083201174,198,2.298324352013306
227,2025-10-21,26.867735938494608,177,2.7328857101614745
228,2025-10-07,54.16342146608669,95,2.1640800110473464
229,2025-11-21,63.347821982614725,115,0.2194997132150256
230,2025-04-08,25.788768543320227,161,0.8287488991007796
231,2025-07-17,13.935607407282413,62,2.2277081937094545
232,2025-08-28,83.4930236799299,186,1.0459273270396392
233,2025-05-24,98.44021807035521,135,0.24989514329839368
234,2025-04-07,52.56901823026858,139,4.218248320259119
235,2025-07-20,17.16792858483035,107,4.905962645820579
236,2025-05-04,27.230732651936897,103,3.965714369983697
237,2025-07-06,1.8390676547466733,61,4.268924608523335
238,2025-11-22,91.4298806560499,63,1.209885651585227
239,2025-12-15,11.775108289014113,170,4.8031348775659986
240,2025-09-16,57.651647551425356,170,0.9846285222671419
241,2025-05-28,27.4055220687206,69,4.7571490518091615
242,2025-09-09,55.417800251579344,124,4.974096469829755
243,2025-12-12,65.14203883518643,193,3.5586140287302435
244,2025-05-27,82.97418037072016,119,4.90571865895911
245,2025-05-28,20.64212717606032,105,2.847698897835518
246,2025-12-18,1.0995828658480478,150,1.2977089158804516
247,2025-07-18,13.688563006880727,181,2.1849794283281043
248,2025-11-04,90.00186418481051,160,2.96780467689393
249,2025-05-08,87.38900775625153,174,0.36540781013507495
250,2025-02-08,59.74131021703083,181,3.1117163230862306
251,2025-12-04,60.051686043365336,69,4.905889183811473
252,2025-12-26,66.50366745462554,187,0.9505382489186381
253,2025-05-09,17.53712786234496,73,3.9629755814419165
254,2025-09-24,91.44119459249598,86,4.539493968898097
255,2025-05-31,41.87705248920731,103,4.718507964101104
256,2025-10-25,38.31385282494975,152,4.8006780220272365
257,2025-04-09,51.89177052828376,198,2.6072981936073596
258,2025-09-20,4.696596677505505,87,4.886539539957519
259,2025-09-09,16.628336875607943,53,3.7865510356721943
260,2025-05-24,73.80336164263704,106,0.8083571811848095
261,2025-12-12,8.279866792512646,69,2.38450053233985
262,2025-04-22,60.31521094663882,66,3.59165587686002
263,2025-03-01,24.534910968132095,168,1.2367015790954166
264,2025-01-02,38.929561404197656,120,3.203075917744437
265,2025-10-31,28.869373677069987,53,3.333002395233096
266,2025-09-11,35.567271646494916,63,0.8134987190428294
267,2025-05-20,71.90459051842456,52,2.8254265622637815
268,2025-02-06,29.7121715623175,129,3.8581345548930384
269,2025-06-09,56.64046402968972,104,2.4944783226797096
270,2025-01-09,47.60504021990997,181,0.06051558388053713
271,2025-08-21,66.36711653626482,169,0.04519234539646089
272,2025-04-09,93.6829739324758,73,1.785146719850061
273,2025-05-27,73.25720972102503,131,4.63097034215891
274,2025-10-31,21.494037859075675,196,1.143383898018044
275,2025-07-27,3.1183135061284672,109,3.171818444358436
276,2025-05-11,26.22640442998251,196,1.1103793534666029
277,2025-06-01,59.507793070025485,98,1.608349948297743
278,2025-02-23,5.1425813484250344,112,4.24021044800742
279,2025-04-30,49.636624720123635,159,3.6443072113497346
280,2025-06-10,59.68428489168892,199,0.47699638656605314
281,2025-04-26,33.424389081696084,158,2.143510104932168
282,2025-03-16,77.09122037458219,125,0.14584881822632234
283,2025-04-23,10.65982531337718,79,2.404450733015045
284,2025-04-14,7.513778173580876,107,3.31217005850534
285,2025-12-06,72.81887562036033,166,0.5925131179907578
286,2025-09-11,49.549131620619846,149,1.4444246945458283
287,2025-08-15,68.84023964277361,68,1.9891831275107847
288,2025-04-22,43.48273386037462,143,4.597655123280249
289,2025-04-09,24.640203323910683,162,4.96627507711482
290,2025-06-02,81.91023176741997,195,0.22455649497807928
291,2025-12-15,79.94158789689793,112,3.80503961747696
292,2025-12-04,69.46964708544267,165,1.858620332011716
293,2025-07-13,27.21451372299627,162,1.9622909311474002
294,2025-11-06,59.023066686908706,96,3.7713248667351134
295,2025-06-12,36.09738969400268,106,4.5921321607270436
296,2025-07-27,9.158207332663416,167,4.754642972512742
297,2025-06-18,91.73135754622427,94,2.885612930191604
298,2025-06-10,13.68186309189614,194,1.785605796502514
299,2025-03-09,95.02373538208025,53,3.937745429293896
300,2025-10-16,44.600577295795574,197,1.2550069163115012
301,2025-10-04,18.513292883861965,96,2.8203701441675886
302,2025-10-31,54.190094737835814,192,1.7928923076243657
303,2025-05-15,87.29458358764083,96,3.2831553685393806
304,2025-07-14,73.22248864095612,127,1.2019945644675345
305,2025-05-08,80.65611478614497,173,0.9579647286741289
306,2025-02-02,65.87833667107174,124,4.591195433377186
307,2025-06-25,69.22765645178525,152,0.5090184147476845
308,2025-01-22,84.91956515653193,186,2.5297895386746583
309,2025-08-26,24.966800885918595,139,1.1042639148150446
310,2025-06-07,48.942496364314046,193,0.19464981662833725
311,2025-02-07,22.120944181960223,118,0.18009409145713196
312,2025-08-18,98.7668007996647,110,0.8761088605291367
313,2025-12-31,94.40593396866133,187,4.333851772530001
314,2025-02-20,3.94268113685059,99,1.4123937198851333
315,2025-09-21,70.55751725156884,52,4.752295852876479
316,2025-10-10,92.52483174156659,156,2.908111464945968
317,2025-01-27,18.057534512733355,162,2.1830709488438305
318,2025-08-14,56.79452305526295,143,2.900444173347273
319,2025-10-04,91.54882975880419,167,2.5834919261313387
320,2025-10-13,3.394597858579884,130,3.7938812687866257
321,2025-04-07,69.742026724684,158,1.4124803298642612
322,2025-10-11,29.734900737255078,100,1.765251958001512
323,2025-11-13,92.43961953765304,196,4.470471512666253
324,2025-10-31,97.10582451653677,84,4.732282565752027
325,2025-05-27,94.42664891134339,95,4.462791137432372
326,2025-01-04,47.42142166574638,118,2.097239969786568
327,2025-02-04,86.20426509893134,142,3.9018275150344084
328,2025-07-11,84.45493985350704,113,2.381678666505494
329,2025-02-18,31.910047324325564,98,2.487699260730511
330,2025-01-17,82.89154741506773,198,1.0234005452864197
331,2025-06-21,3.700763471549262,123,2.9556515162925825
332,2025-08-08,59.6269878482053,54,0.9306794887667397
333,2025-06-07,23.000883728770305,149,1.6578234953359687
334,2025-02-15,12.056688577727881,119,4.275151008099676
335,2025-01-06,7.695320162920916,139,1.0353790460542762
336,2025-04-09,69.62887758781397,53,0.35579142586716406
337,2025-08-21,33.98749637680661,175,0.3450379630640815
338,2025-02-06,72.47667715287615,88,4.703922602515539
339,2025-10-07,6.535634079894237,178,2.5346021898091733
340,2025-12-15,31.529033783061035,73,2.0470603590850915
341,2025-10-29,53.949129237533725,106,4.054392905039592
342,2025-06-30,79.07231648389636,149,4.17912963955258
343,2025-04-05,31.875250293206992,119,1.660955165578023
344,2025-04-09,62.58913764370091,90,3.4680902873689763
345,2025-07-07,88.5977748236187,109,3.855614079259433
346,2025-04-26,61.58631881823046,157,3.2732534343297726
347,2025-07-10,23.295947475363377,106,0.7579753740004969
348,2025-09-10,2.440078155653802,80,4.379415417585285
349,2025-06-10,87.00988739009298,133,2.6954727636800433
350,2025-09-13,2.126941085038714,85,1.4123621318500184
351,2025-11-19,87.47016726841994,157,2.1261409271884695
352,2025-05-08,52.8937134027212,155,0.1878554519945369
353,2025-01-18,93.90676985128962,135,0.6393340061120878
354,2025-10-08,79.87832357736654,184,3.827733752579304
355,2025-08-11,99.79341105333374,63,5.817377683070557e-05
356,2025-02-23,35.071181545171015,169,2.0828291424114607
357,2025-02-27,76.71882889311269,187,2.612550905427942
358,2025-11-19,40.193091360924214,129,0.2731721000048615
359,2025-12-26,47.98756203039088,193,4.865390814861664
360,2025-06-23,62.75054632183701,155,1.1306266562483596
361,2025-10-07,87.36771141863387,119,1.5209935981814042
362,2025-04-24,98.40834691992951,93,1.5197125612751368
363,2025-10-15,76.82734138645182,122,1.1520833105867494
364,2025-12-08,41.77667821673337,94,0.00736911043155708
365,2025-05-31,42.13570022770702,156,3.646723970439982
366,2025-05-07,73.75823015888915,133,4.834227498996427
367,2025-06-04,23.877714576830233,131,1.1214674164252254
368,2025-09-30,11.047411313139467,156,3.3152359590171123
369,2025-04-14,35.462215764077655,70,3.7094816347935753
370,2025-10-26,28.723899165408174,56,4.242126895452624
371,2025-09-03,29.630812045599008,119,2.1131459850680456
372,2025-06-25,23.360775104990992,176,1.5146545282021462
373,2025-02-08,4.209318963636188,192,1.6264756701151555
374,2025-06-19,1.787393473341381,197,3.563106665492564
375,2025-09-04,98.77223897360315,192,4.08389733252818
376,2025-01-26,42.77731337358623,198,0.9080698387830133
377,2025-12-21,38.432664715968166,169,1.8547050407888261
378,2025-11-02,67.96472826930699,177,4.50970098374575
379,2025-01-13,21.825388786506416,191,4.033467598473696
380,2025-11-12,94.99611839502253,106,4.924292013812379
381,2025-11-09,78.6345014415552,107,3.771241298410404
382,2025-02-05,8.94110023122595,70,1.9659760051396113
383,2025-06-22,41.75807757849284,131,2.953189169973189
384,2025-01-20,87.91183075621647,118,3.3050712712366015
385,2025-11-17,94.47320222914102,180,0.39227908158561975
386,2025-09-21,46.74015112498697,136,2.7224847955193257
387,2025-05-22,61.34113892107077,98,3.546604142363048
388,2025-05-23,16.70339460920752,196,0.8366065200053019
389,2025-04-02,99.11686261369765,164,3.903158587127786
390,2025-12-20,23.16717013834434,138,2.9188639025705583
391,2025-11-18,94.27317741351257,134,4.761108928487973
392,2025-10-15,64.96466489923685,177,0.21211149103445848
393,2025-08-03,60.773679487885914,189,1.3266306877773348
394,2025-12-08,51.26885110165086,166,3.0077693964991203
395,2025-02-20,23.06698117177587,176,1.4827995610296534
396,2025-06-02,17.652803200550828,120,3.572120820356211
397,2025-07-05,22.048620907017536,135,3.795026412609655
398,2025-03-04,18.643826214425452,82,0.5125798203323723
399,2025-07-09,77.95844735667534,130,2.5692723210338384
400,2025-05-05,35.01252591667301,110,2.5444527779552795
401,2025-05-30,5.784267656339637,110,1.8464038510777052
402,2025-11-10,96.91026301408114,147,4.66462431284836
403,2025-02-27,88.37858849634257,77,4.137531599366106
404,2025-12-08,92.77522831952129,92,3.486046909548184
405,2025-11-01,99.49078226464353,135,3.571633178674988
406,2025-06-29,17.38952492194873,66,2.3085807190655956
407,2025-06-19,39.62420189026587,147,4.604972605482879
408,2025-11-22,75.82384757040913,147,3.472977136266427
409,2025-09-28,69.60206180537922,114,3.6449053082790823
410,2025-02-23,15.389590633985506,123,4.308454518936726
411,2025-04-11,81.58331249906178,134,1.370357946710955
412,2025-09-21,22.444057183666068,54,4.035354519333515
413,2025-02-22,22.38176148226231,51,0.9762030147824602
414,2025-03-01,53.69744228934136,71,1.726709761224439
415,2025-04-18,59.293993484170315,161,1.6780522713492134
416,2025-01-05,58.00862078378112,106,4.892627341945703
417,2025-04-13,9.148683739775487,115,4.282686118739634
418,2025-07-15,87.74608626303804,123,3.5058493079512987
419,2025-09-19,26.560004258870606,147,3.6352838080769505
420,2025-12-31,12.951492128280417,193,2.8103639720128553
421,2025-12-16,88.87480798689772,161,4.735453335542595
422,2025-02-16,95.56514982297534,174,2.4812937644118076
423,2025-12-21,86.21276172654507,135,1.9025885493494727
424,2025-11-07,80.95160747248781,125,0.815176684657955
425,2025-11-04,65.52419806390218,137,3.93102826130529
426,2025-05-24,55.08573706091393,87,3.6722196603779573
427,2025-09-26,8.698675991141014,108,1.9217751926206743
428,2025-05-04,40.845321307069874,187,0.1259670697961468
429,2025-04-16,37.2688517012314,148,4.194986638590054
430,2025-06-07,25.97537837603262,112,0.05708991727036816
431,2025-05-27,72.3420113688585,98,3.5184988981452547
432,2025-05-25,49.58757350787708,81,4.851285548630285
433,2025-04-30,8.104621590764793,184,2.1883066407410174
434,2025-11-15,22.018320194981133,70,1.174867024979764
435,2025-10-02,68.32587636595959,69,3.5243550502169088
436,2025-04-02,7.613085949030019,176,4.085640710077926
437,2025-02-27,85.12069140487687,117,2.7321515803892367
438,2025-12-12,49.51465270139743,159,4.835176376280731
439,2025-08-17,48.0586577326648,165,0.2583436082898055
440,2025-04-27,59.24077846595176,192,2.523977991522641
441,2025-11-14,82.46809659251491,169,3.5922697366127503
442,2025-10-06,34.780920790219305,128,4.3132023557458945
443,2025-05-07,67.80161525590636,165,0.8962780595389502
444,2025-05-09,56.5731963995791,141,4.000017408818407
445,2025-02-27,26.70282701694213,63,2.763535378592726
446,2025-05-02,87.8629986355158,174,1.982768409949816
447,2025-01-01,79.74260216069281,107,0.6585751428954678
448,2025-08-27,65.84518346584255,77,4.326478794544562
449,2025-10-17,85.05817290942419,75,0.7863660408985768
450,2025-04-06,86.72942009598023,162,1.5489392960454962
451,2025-05-06,70.83629767150347,115,1.4502276598121844
452,2025-04-28,83.7013328363672,180,4.357070170954271
453,2025-02-17,69.74714616692836,93,3.36351497104449
454,2025-03-30,68.01407717603004,146,3.9834069859568615
455,2025-08-25,61.86113782151843,91,1.252339493962495
456,2025-09-29,75.27166395576413,55,3.1243704980349944
457,2025-07-08,15.86051052930737,72,2.8587299157187434
458,2025-07-11,88.08707591989284,138,4.164151883941355
459,2025-03-10,87.1843527745232,172,4.530435302406302
460,2025-10-05,2.9247283034559146,196,0.06078385738693404
461,2025-12-15,82.58167505647627,100,3.370099595293963
462,2025-09-04,12.886986747344519,60,0.2591789955986451
463,2025-03-17,33.51188542591419,61,2.7442933253867796
464,2025-06-03,74.35082562916078,123,1.438163645218391
465,2025-05-24,16.07598960483082,57,1.533882997610706
466,2025-03-27,81.79670241190622,90,1.7647925172617829
467,2025-07-04,83.21341779577419,134,3.106462245248051
468,2025-10-12,50.746773376083624,121,1.670249828343846
469,2025-08-08,0.638587171683358,104,3.663495252951402
470,2025-03-10,28.703813317491278,186,2.0226369278693483
471,2025-02-16,61.69269183757422,96,0.3417660015497931
472,2025-04-04,98.11861780274235,192,3.918799212420536
473,2025-08-26,63.18135270166684,153,1.42879162296353
474,2025-07-23,25.98035810641598,91,2.1638343979963133
475,2025-08-06,63.40057030996113,109,3.4272194161095078
476,2025-12-07,53.99853797158555,61,1.66228078574356
477,2025-02-08,77.98453951511436,179,0.2829282807335781
478,2025-04-10,10.698063882695841,56,1.869605235064068
479,2025-10-16,76.1027902502028,129,4.722242913471517
480,2025-09-11,54.12665786761103,180,3.208671986492791
481,2025-08-10,96.29920038589947,158,3.357395743336035
482,2025-12-23,34.187216603868606,52,3.1614107681881993
483,2025-01-23,63.26218931339481,76,0.994960694797184
484,2025-09-07,93.20281055100175,163,2.0916693205114005
485,2025-01-10,10.250972799067926,156,3.7546989918165914
486,2025-09-03,93.72284872364511,89,0.5068644877657957
487,2025-11-21,68.78857223008133,178,1.3892638804485613
488,2025-04-10,6.78370591051719,57,1.381595542329268
489,2025-10-17,30.096356694681624,150,2.16009463797253
490,2025-06-29,70.81720886452815,173,4.901843704710926
491,2025-08-11,6.73506014687717,156,0.3375127334191097
492,2025-09-07,58.217046017627325,150,2.5935049719029752
493,2025-05-27,34.588305695295674,53,0.8968234100610523
494,2025-04-06,62.091551776747714,159,4.853382727048721
495,2025-09-14,4.5742033812512854,68,0.566517523637321
496,2025-11-21,87.15368061523763,81,2.018005011807956
497,2025-01-04,97.3488969177397,186,3.689424924173031
498,2025-01-16,96.88778552856915,61,3.5227721401372265
499,2025-10-07,74.96518317429248,188,2.1136431844696615
500,2025-12-02,13.008624013063198,95,1.7326208397635912
501,2025-09-04,75.82631959290225,168,1.9880618927643527
502,2025-09-15,2.458691645880151,65,1.3213813157931964
503,2025-06-09,2.2123551528997254,178,1.026664693533999
504,2025-12-06,32.36102191495412,112,2.41519848779445
505,2025-06-01,48.864319040466576,158,1.3426687803380366
506,2025-06-27,77.04074178077931,168,1.4373083244862506
507,2025-06-12,68.32953766065052,70,3.283780317372785
508,2025-02-02,44.590270637674834,62,4.842686658499461
509,2025-06-28,27.362666628166586,53,3.0181860027968757
510,2025-04-11,99.71245001577111,151,0.3848973353248314
511,2025-09-25,42.6181302235973,108,0.3779180692703349
512,2025-11-19,45.13870243296755,177,4.75711610422783
513,2025-03-06,16.362382119166917,76,1.4864539515366681
514,2025-06-17,79.48095487499293,118,0.46033493041237716
515,2025-11-26,69.36822257814886,74,2.995222935751908
516,2025-02-12,22.07696127887604,180,3.1182438914513306
517,2025-02-13,8.238104561584269,146,3.2425241005934407
518,2025-10-12,68.0499302074713,74,1.3370101392877065
519,2025-01-12,65.45112142811352,197,0.07555342107237517
520,2025-04-05,27.32595269982093,175,4.825076847272359
521,2025-10-29,95.08635622504103,182,1.2544652284555124
522,2025-09-10,15.105789178090024,58,3.3801314402627374
523,2025-08-30,43.23348010426019,165,3.5331493493935477
524,2025-02-04,94.36159201675989,183,3.0500370853974283
525,2025-08-03,41.97273169261223,109,1.564536971068241
526,2025-12-03,63.85259476640856,170,1.3554812688203288
527,2025-03-31,39.75943979627943,188,2.9883414135135156
528,2025-09-21,27.421520234867003,157,4.330478168058457
529,2025-04-03,98.39776479598282,157,4.733668644616978
530,2025-03-31,40.9334006315043,180,0.5295290220187882
531,2025-04-25,89.40992036791344,125,0.7741430629885993
532,2025-04-15,22.995460589108617,79,4.723681293915398
533,2025-07-15,21.31047040250833,70,3.682676141673963
534,2025-11-10,3.113408288451136,83,4.4149691241488656
535,2025-04-24,65.1666825375885,90,1.013163170676716
536,2025-03-16,36.852634372376116,100,2.937929355547009
537,2025-08-05,86.4358249839637,131,3.5056979720873684
538,2025-10-04,47.32099066915572,107,3.4005594272348634
539,2025-09-06,96.81934279147217,124,2.0407584543334907
540,2025-06-13,18.552551570312115,72,0.07697445845654238
541,2025-12-23,86.86231679556109,177,2.9146302840213156
542,2025-07-11,77.65968527917417,199,1.2655076958980438
543,2025-08-15,77.0921844644052,66,2.2512712307144516
544,2025-06-26,84.47832281168877,118,4.787905075419086
545,2025-04-09,76.10239909429988,157,1.9951765882121735
546,2025-02-05,62.62203216314154,188,4.199008033322134
547,2025-04-06,13.124487768238758,143,0.9427030287462557
548,2025-06-01,3.2526179491251916,64,3.362302490125144
549,2025-05-31,92.08478478156869,140,4.885034772194717
550,2025-07-09,61.665031452073805,82,0.509465504364684
551,2025-08-12,79.65372909761763,174,0.04159971113596006
552,2025-02-06,48.152235151255006,65,2.1679139631630715
553,2025-09-25,11.730818896239448,115,0.463127415256836
554,2025-07-02,12.518579220255043,96,3.7419217483811567
555,2025-01-13,68.55652872289714,197,4.572743319242795
556,2025-10-06,43.030589489946266,173,2.170104863543794
557,2025-08-05,20.052472670033673,50,1.2935582107772048
558,2025-12-21,49.15945467414369,136,2.172016595033049
559,2025-12-27,6.420893707513409,177,3.6172390892500053
560,2025-10-13,58.19714019143988,116,0.04527080790185489
561,2025-09-30,26.899340443509768,53,2.947269947423486
562,2025-03-03,79.75591006371882,96,3.0664584244368953
563,2025-03-25,31.036195892357377,87,3.1884412344796775
564,2025-08-05,45.52201490818012,192,1.210110399904386
565,2025-12-08,1.1620539908100636,70,3.570263616890634
566,2025-07-06,7.244688779455888,106,0.45695743165888203
567,2025-01-19,39.24935564066848,166,0.9963516823340041
568,2025-06-26,47.99388347171235,95,4.38735023327241
569,2025-04-10,60.00205481193037,191,3.693615753632832
570,2025-08-21,29.166257870930323,194,0.06872777005672626
571,2025-03-17,69.49818861265426,88,1.2418813018490011
572,2025-09-22,86.01223971892045,186,1.0720324149658227
573,2025-10-11,77.98509888933498,148,1.3540316401848629
574,2025-07-25,3.9618825348357145,126,1.237798851399432
575,2025-08-11,48.0506947257829,164,0.3126314787142287
576,2025-02-21,10.493017841817487,183,2.294702582984102
577,2025-12-05,24.204501586252746,200,3.6636673739308256
578,2025-05-24,98.66625932671465,140,3.033658623587182
579,2025-03-10,14.249554290151323,147,3.364358342990399
580,2025-04-09,49.888815345135605,169,0.40574589268119576
581,2025-01-25,61.81557343181191,95,4.757453550883936
582,2025-02-22,70.2464970544104,87,4.192459169215124
583,2025-05-31,55.96486834869141,191,4.025451592478314
584,2025-05-24,0.9770847419183659,149,4.114919025208837
585,2025-02-26,32.64613082439919,121,4.663552540663806
586,2025-02-08,51.771164338471145,84,2.7212698305684886
587,2025-04-19,8.786649914483336,196,1.0014100893381295
588,2025-06-30,35.06269312091808,79,3.0839180392627057
589,2025-02-11,3.3203108791366565,127,3.714407468339695
590,2025-07-05,7.857849715502074,133,3.689586966770127
591,2025-08-11,39.69232762015961,162,2.6072451208344005
592,2025-05-02,13.271575404306034,74,0.3422935966678903
593,2025-05-13,56.75408482615582,137,1.8555646921506392
594,2025-06-12,68.94649691372658,63,4.603833042316786
595,2025-08-03,80.05866991090829,151,2.92224454878713
596,2025-08-09,20.01502442448101,199,2.691659716278567
597,2025-08-23,16.748258225906977,132,1.3442675719109676
598,2025-11-27,10.456784033440025,159,1.8422445995828944
599,2025-05-26,63.64302495436367,180,4.476730445765846
600,2025-08-27,70.64757264869012,68,3.3323152376341785
601,2025-03-17,3.1586144825642037,77,3.936935133761664
602,2025-01-09,93.62122462436898,120,2.2717271153382756
603,2025-03-15,5.1971283651472415,112,3.1512360972807896
604,2025-09-10,54.12963353010704,122,1.2419180437160375
605,2025-08-18,70.90605194509165,173,3.5273041514174315
606,2025-01-07,87.09691237460856,168,2.1380066685166863
607,2025-06-23,71.40869321324278,170,2.2127275740737278
608,2025-05-21,80.17280830697918,68,3.246611622884408
609,2025-06-17,33.94501925428061,191,4.681403107344633
610,2025-06-19,81.48251137465122,169,0.3200317330431046
611,2025-10-10,8.011484638467515,110,4.123716186735038
612,2025-05-02,89.48166560605276,79,1.4619155520609657
613,2025-07-13,54.75923761537362,58,2.219597272531889
614,2025-01-05,81.72977699624937,113,0.10956664387504478
615,2025-01-29,45.23182845183001,169,1.5052303891715653
616,2025-06-14,64.35776951965249,101,2.513156213150652
617,2025-12-05,52.640266093611324,138,0.28088038673719506
618,2025-05-16,73.15895217553319,191,2.4554786469158256
619,2025-12-31,8.162998203058958,102,4.635553144292136
620,2025-11-17,6.03520839905638,127,0.5269660905390261
621,2025-12-08,24.710323401014644,90,3.8222036403775217
622,2025-05-25,15.954468011318834,117,2.0483552668799634
623,2025-11-23,87.17835665922017,57,3.27586857262169
624,2025-08-05,21.92139873580443,51,1.3011829899261467
625,2025-10-28,97.58652558191314,154,0.7974613127067914
626,2025-05-12,33.68957917711069,174,0.8023130713561322
627,2025-10-19,18.211791568869927,159,0.35245972821572324
628,2025-03-11,78.96985071424791,135,0.9282335245062151
629,2025-09-09,65.87077755008761,169,3.3210969249448414
630,2025-10-02,49.8195716453139,176,4.40845305921754
631,2025-12-30,55.53635509376312,65,4.070628427955809
632,2025-07-01,71.92017782722638,111,3.4256715493724204
633,2025-06-16,22.845474133129873,162,0.5521593170555134
634,2025-04-01,99.63339160567419,61,1.4459372314797492
635,2025-07-21,97.4793162146783,84,1.5490343766123449
636,2025-12-12,65.03256863469369,60,1.2497847319881061
637,2025-01-19,19.954245092914512,113,2.5750282985486157
638,2025-02-08,68.02282424312914,99,2.6777690743983626
639,2025-05-06,7.219840897917584,198,1.784429875855551
640,2025-06-22,3.0652502205806065,118,1.76894579368218
641,2025-05-21,25.76828885112137,97,4.142777989530407
642,2025-08-30,46.26229567393163,69,3.946464241598428
643,2025-08-08,86.82725054083805,150,1.5389791584037282
644,2025-05-06,72.7169069766308,186,4.5689422193662965
645,2025-02-27,74.2706521199981,117,4.76407508501253
646,2025-05-28,42.54933344480754,84,1.633712710150204
647,2025-11-13,34.59349925469629,114,1.7721247439652743
648,2025-12-27,37.10387629846027,57,2.528170767109794
649,2025-01-01,98.76495637360578,94,4.7056040626683675
650,2025-12-14,4.010919141248248,136,4.3815971657115576
651,2025-07-09,86.70314961224486,125,0.512839812917949
652,2025-07-10,57.86754085723934,125,1.963653716357081
653,2025-11-08,43.86154191895905,96,2.766855948748859
654,2025-04-27,72.52576604151365,64,2.5156623627577
655,2025-05-14,48.666894142470284,154,0.9693153396844634
656,2025-02-27,87.34232380816606,196,4.294083855840773
657,2025-02-13,90.07018640112585,75,3.3847039149841867
658,2025-06-22,42.17209268734554,101,4.189541874259018
659,2025-06-09,27.682779723505156,142,4.293821396747361
660,2025-06-22,59.23503285933622,199,3.741779268328699
661,2025-11-13,91.2363345616691,70,2.1960530062485866
662,2025-10-30,21.066218900566657,100,3.052733775077123
663,2025-05-29,62.296658356348274,87,0.8018270305987157
664,2025-03-21,63.156022009252055,69,3.3682270873745384
665,2025-08-01,73.3113022415281,181,0.8962662786964037
666,2025-07-22,13.15676851272598,104,3.469747952550784
667,2025-09-09,71.58249646820886,141,1.1479908037698432
668,2025-08-17,90.9032520665641,77,0.5877565007510999
669,2025-06-13,17.968310887024195,53,0.8264224507147871
670,2025-08-15,23.754332492387764,199,0.00996067609535134
671,2025-05-27,97.13950940416396,125,3.5936980892676513
672,2025-01-20,18.097695270948975,116,3.6620052452918954
673,2025-02-16,85.4385093369579,135,2.574666749566297
674,2025-08-21,49.227785644803475,140,0.8068140052769185
675,2025-11-01,24.723107440317705,154,0.41777168755344873
676,2025-01-14,87.07499012725114,50,0.09564483218643505
677,2025-05-23,44.53052550026655,121,0.8287408848261035
678,2025-01-01,51.48173539296902,136,4.454277674915733
679,2025-02-23,35.92333693997657,55,1.2076842085084087
680,2025-09-16,59.29508514349274,194,1.7713566360860784
681,2025-05-24,16.352387258502276,110,0.5267274224066659
682,2025-01-12,39.10815366517607,61,1.1118065237408514
683,2025-11-26,96.94123223352875,55,2.5961228539010257
684,2025-08-12,25.813343270112753,76,3.038763415478263
685,2025-09-29,65.67366645412922,185,1.2267615708310553
686,2025-12-24,32.51900642246949,173,0.28866079612558604
687,2025-06-05,77.34731256866006,155,1.9551643456369932
688,2025-01-08,13.087366071834982,142,1.1710168546316706
689,2025-05-02,96.98210450785447,158,1.0977696161490096
690,2025-12-14,45.37895413836392,148,4.799314013567276
691,2025-06-13,23.605046334646396,191,3.08150242962862
692,2025-03-31,7.349674733001265,84,2.7843922158604792
693,2025-05-16,16.975790508754073,133,2.0788755176166096
694,2025-07-05,51.977394855601766,105,2.1447216671507214
695,2025-11-12,33.70031764312863,190,2.7045250191904042
696,2025-06-27,82.88833658826094,98,3.4821490351805364
697,2025-01-28,43.08875236618059,95,3.5107304809091473
698,2025-08-08,24.871427258762992,162,0.8584695385272478
699,2025-12-23,61.714498660403,185,2.5005637603831348
700,2025-02-10,70.67772168854458,92,2.0597904751705096
701,2025-08-16,16.704190790094987,197,4.352634831346921
702,2025-07-11,16.761921628831765,173,3.157094606091882
703,2025-05-25,3.667142693354297,146,2.662520332079909
704,2025-07-20,73.64020150656405,139,0.5769732108945869
705,2025-07-31,66.38045276218051,88,3.0281894466170574
706,2025-08-08,47.46308757498139,134,0.5860195284011671
707,2025-08-28,84.41704489691972,111,1.6860328778287603
708,2025-02-15,80.56701529500532,155,0.7142098240716593
709,2025-02-04,58.535436439675216,156,3.4603682351218445
710,2025-09-10,86.82712805132586,103,1.031260569180763
711,2025-03-23,20.584121003676824,175,1.95929686594013
712,2025-09-13,11.191961939772789,58,4.478373888093893
713,2025-07-16,26.974961151698963,137,1.0215819169948515
714,2025-10-30,5.708685608931486,86,2.5390253197938955
715,2025-01-10,53.1169528001032,98,2.09635830583011
716,2025-11-08,93.66056922949615,90,0.09062020522864866
717,2025-10-13,3.9343540668509647,66,3.9637905678640637
718,2025-08-30,12.21099140100268,137,0.3452295315729986
719,2025-09-08,45.21990282834353,70,2.3712751048847682
720,2025-12-31,93.38750175279048,100,2.8033914746947497
721,2025-01-05,31.61561049767505,108,3.1421322830729355
722,2025-04-29,50.723480868839246,90,3.443158146539378
723,2025-10-16,4.15728590503921,88,1.2663619176135754
724,2025-03-06,14.834320096208886,190,0.049893883292246866
725,2025-05-26,98.66301229588468,60,3.6172183117745598
726,2025-08-12,96.51186964360456,196,2.678282996737893
727,2025-08-27,0.49399809344096157,188,4.180588516036244
728,2025-06-26,95.18117854232389,126,4.106941814503472
729,2025-09-24,63.91199378155004,176,4.216630838939416
730,2025-12-07,86.79182945200222,95,2.4254732998977007
731,2025-10-09,45.47398556338591,94,1.6681419791843282
732,2025-03-04,51.55960285792502,50,3.95779101295685
733,2025-08-05,48.88465802569202,157,2.256470565146275
734,2025-12-08,66.68642575461044,68,0.9172109820171725
735,2025-11-11,13.96512547563129,125,4.274870097807372
736,2025-10-10,2.9973589872677953,121,4.412799383861737
737,2025-06-26,30.79299415911909,158,2.3315487807008504
738,2025-04-08,70.46807627366466,61,0.37849863654893734
739,2025-04-15,20.185345212294838,94,1.9391304495846562
740,2025-04-09,67.34324333249174,139,4.017688297313017
741,2025-11-07,96.99120461072704,152,4.508870142731143
742,2025-01-06,9.39007157894184,57,1.0173637124879793
743,2025-07-16,67.26021182251263,140,0.3348680601263576
744,2025-12-17,44.375021930457116,136,4.386752265664193
745,2025-05-13,86.81422543775054,133,1.9470246948943766
746,2025-12-24,17.71497894473859,131,2.708804821337816
747,2025-09-16,69.26259522261645,195,4.8403290602537945
748,2025-01-23,83.81152896481102,117,0.33282363957111427
749,2025-02-22,94.46142194740233,176,3.241590037260478
750,2025-06-14,68.32480282896458,131,0.3705271128743354
751,2025-07-21,49.71747640084273,196,1.8773446423325018
752,2025-03-24,61.78472402012139,133,4.019072725967233
753,2025-05-25,86.89049844787182,162,2.167361163778172
754,2025-03-26,57.060974663882966,125,4.985911769514752
755,2025-03-19,3.038705969683686,171,2.795296424733011
756,2025-01-01,93.09486955069778,192,1.6058107631797673
757,2025-02-20,68.95267510315611,90,1.1005566295237657
758,2025-06-22,67.65133857772466,51,1.7526026714308092
759,2025-07-24,21.567515239771716,78,1.862666368797754
760,2025-09-17,65.88854702326572,154,0.3435683886198049
761,2025-10-15,39.386440565415846,100,1.8478709971338658
762,2025-02-03,65.12329770414921,124,2.3211925986961246
763,2025-12-14,10.659303030799073,59,3.613688761194023
764,2025-04-05,65.7845304603036,191,3.28364742360804
765,2025-03-13,99.94137257706666,100,3.543828276145771
766,2025-02-08,4.821203886055603,167,0.04181840938428549
767,2025-06-03,97.71741842213173,170,1.0883369979026802
768,2025-09-07,40.690796072287064,88,3.3084214419992826
769,2025-06-11,87.07534503372591,77,2.419946840898736
770,2025-04-28,78.23854840582734,52,0.02656737834172973
771,2025-09-16,56.70162609866678,133,4.022473212159111
772,2025-11-02,73.84492092513266,166,3.864047866451687
773,2025-09-25,87.8515561301348,51,2.742095814967813
774,2025-02-23,40.4140321651033,142,0.3323166288813606
775,2025-08-24,32.70331615632387,180,3.8325752476629233
776,2025-08-10,66.75933855635847,193,2.9185679386568197
777,2025-09-08,80.78459419412586,143,3.9097998857897958
778,2025-11-09,76.22851347766158,89,3.758734961979202
779,2025-04-22,79.78136488586345,51,4.015010359789185
780,2025-09-12,43.5583314812933,130,2.5900403320231242
781,2025-10-30,81.78342161750216,61,0.701622590967575
782,2025-07-26,12.020905537060845,114,3.3557873668984435
783,2025-08-17,54.448909796084955,104,3.102368925259853
784,2025-12-07,0.575866049812157,94,3.711265935995436
785,2025-03-07,32.45858299002703,150,0.8494050302536765
786,2025-03-16,36.646153487139784,111,0.9748759995014461
787,2025-04-13,39.61726916092554,98,4.452047586096643
788,2025-07-11,69.54672066898621,176,3.749888992260354
789,2025-09-09,38.85581012703457,72,4.541142443501615
790,2025-08-14,44.86936226225306,87,3.7935766058196037
791,2025-10-21,23.754413087432745,77,2.9857765299515093
792,2025-11-02,37.325179162934006,70,3.2706636851393682
793,2025-04-08,22.726962726315147,156,4.445639619700049
794,2025-12-04,7.319592376844364,195,2.8940337725597027
795,2025-10-13,60.34485933813779,148,3.161956621641937
796,2025-12-01,66.82127985550163,168,0.7823835800180029
797,2025-12-13,61.94903460096145,122,2.369606100580514
798,2025-11-04,46.34940438005724,171,3.581985559790495
799,2025-09-06,37.978578017922985,79,1.354713491581827
800,2025-06-15,86.33336495718252,157,1.0112709026226745
801,2025-12-01,51.908178513621806,147,1.5691340411220778
802,2025-01-30,47.9181877629731,81,1.2075031399641674
803,2025-09-04,2.5642065806435688,128,1.0745631851819792
804,2025-04-16,34.12478276261564,90,2.124254214340435
805,2025-02-20,38.019561878585705,112,4.53919256941767
806,2025-03-22,39.88227808969005,72,2.5352982336935916
807,2025-05-13,58.017236922733225,153,0.9396019040766151
808,2025-10-12,53.360254672687844,124,0.3848583469043704
809,2025-05-18,60.79050927934446,97,3.480780725689626
810,2025-07-03,76.48832615421283,106,1.913993822181939
811,2025-11-26,81.29857387160935,167,4.109154732926797
812,2025-09-30,71.81230762264944,149,3.297553843203851
813,2025-12-06,95.55236959549347,173,3.9812072527068425
814,2025-03-10,1.823258267636163,83,1.3597301970922437
815,2025-02-03,19.57779856835461,56,3.4617946123052907
816,2025-09-19,0.756287497814212,105,1.320309923468594
817,2025-02-22,64.7474714154603,114,4.695342397251458
818,2025-07-24,89.8030548949987,96,3.181871407666872
819,2025-05-06,24.34822965762993,197,1.6225590008767106
820,2025-08-23,92.70345447963066,68,1.3475593114613633
821,2025-02-12,6.026739028956085,195,0.9546329253582175
822,2025-08-28,93.44360268055144,175,3.473204794468639
823,2025-04-21,35.16226872396344,188,1.0935780649896365
824,2025-09-06,10.142082844921651,98,2.9765163296374455
825,2025-05-31,48.58717591863256,162,1.3231751346267866
826,2025-07-02,25.677656772050796,87,3.309844723969343
827,2025-12-02,28.487290196192284,113,4.074698642702696
828,2025-04-05,30.728996492628657,118,3.890126215723266
829,2025-01-08,80.30258978326634,185,3.8042566546539085
830,2025-12-26,53.91612766752545,165,0.9386120284612604
831,2025-07-03,31.130769915600364,114,0.44192473492259354
832,2025-10-08,61.03337833109184,80,3.494744142436928
833,2025-07-14,71.61506742231936,181,1.8417360689717566
834,2025-12-18,27.262400073353376,162,2.1617311320167367
835,2025-07-14,41.354910152535155,158,0.15574546396695532
836,2025-06-04,12.188609333694755,118,1.297882246375246
837,2025-04-03,18.11493495346803,169,0.1683820193723201
838,2025-06-09,68.11178539649828,137,4.3959288630062385
839,2025-03-02,18.143834769562694,116,1.2169834160926523
840,2025-05-02,52.516338366706016,124,2.7866858478650403
841,2025-02-20,70.90462617224327,94,0.19489660330565206
842,2025-10-04,10.687692309474384,53,3.33423695652829
843,2025-01-05,56.73122196289035,156,1.6151367287704694
844,2025-04-02,25.656278370136377,100,4.489595934788329
845,2025-06-19,96.29268752375798,99,4.440590944670179
846,2025-11-13,48.35456467199247,55,1.626453091808739
847,2025-01-22,80.59925497751581,108,4.504804478452339
848,2025-11-22,55.022654215626176,174,4.980788367493894
849,2025-01-01,4.341253285481916,192,4.127078320619741
850,2025-05-13,63.31513755940223,79,4.2243567387761445
851,2025-08-21,95.14033422066571,171,1.2450436805454497
852,2025-01-12,60.16118201463312,174,2.8835119942887815
853,2025-12-12,81.91888594267903,86,0.33627956983683926
854,2025-02-15,88.42064633484078,173,0.47458968410834856
855,2025-02-03,22.807977194893247,150,4.994463060166453
856,2025-03-19,21.204483990822666,84,1.6331962471295547
857,2025-08-06,61.09809888509917,136,3.740919560244232
858,2025-10-28,41.10284698067047,183,4.033325265134082
859,2025-03-14,83.98613028667204,67,4.290116355036146
860,2025-10-09,90.00231233980112,162,4.9881414870107825
861,2025-09-06,35.34213793027181,78,1.207482426284339
862,2025-02-16,23.687055897448207,126,0.20175413429849853
863,2025-05-01,78.05255152438619,108,2.05595758997293
864,2025-08-02,27.48060355481361,175,0.6504033491447347
865,2025-08-27,82.26143185136785,194,0.11212944581027562
866,2025-02-25,42.37382536487628,158,1.8021341357074305
867,2025-12-16,66.75498992914704,71,3.9186912553761823
868,2025-04-17,9.553531383466819,117,2.8309034561253545
869,2025-11-15,62.3859324676573,118,1.5638899460517703
870,2025-02-17,45.17676787372291,98,3.2717100274635986
871,2025-03-02,58.66084631754741,190,1.1600909015440535
872,2025-12-03,16.801420774486342,158,0.07190723036042512
873,2025-01-26,73.68737449441821,135,3.821766932182137
874,2025-10-19,86.27970775432286,102,3.1187154243200457
875,2025-09-14,21.673980009077564,172,3.8115131225048
876,2025-01-08,9.571455552016172,136,0.19469008343832805
877,2025-04-23,2.3638586046336396,180,4.185598139153261
878,2025-12-21,64.1971500443266,91,3.097631000181517
879,2025-09-10,60.70940360887808,147,2.8169767535632007
880,2025-06-29,54.669741271407005,158,3.123070240572658
881,2025-07-26,23.194709611597542,100,4.322166234341821
882,2025-10-30,39.09059959055147,134,2.934682532794535
883,2025-05-07,59.4476335186173,176,2.9047518994408965
884,2025-02-25,49.67668588591694,70,4.953395785328829
885,2025-08-02,98.77855202148874,93,3.78365083534284
886,2025-01-14,13.643975255673313,188,2.2114690272556765
887,2025-01-28,69.51445540475937,152,3.5369850001646386
888,2025-03-19,40.431876810429216,117,1.9461523584589424
889,2025-08-04,42.819961492561475,178,1.144377312417495
890,2025-12-31,71.75977656581762,141,2.984259384438797
891,2025-06-03,69.24361513243696,73,4.640910490569757
892,2025-01-14,99.12559937021884,174,4.645697600077313
893,2025-07-06,12.839428945412523,190,1.7095263905274516
894,2025-11-08,10.410964938416633,160,2.6383873311084747
895,2025-01-07,72.43388171287411,147,1.058179492849306
896,2025-01-03,57.83869170064091,188,4.978155547494417
897,2025-04-21,27.416066655980586,66,4.905589539339679
898,2025-08-26,7.9419368988986605,148,3.247544648537237
899,2025-12-29,8.565824959643054,131,4.022070298387367
900,2025-08-27,89.41908746641182,153,3.5755008064185
901,2025-10-01,19.18673247187429,68,2.965791095197341
902,2025-10-21,32.33715621155208,134,0.2667399849444885
903,2025-08-15,22.6656402226988,57,2.273821712763305
904,2025-01-15,35.49963058319373,77,3.3739315108370524
905,2025-07-11,6.942384274609337,54,3.387658069418423
906,2025-04-29,51.90597909082704,194,1.8656130921119178
907,2025-01-28,6.76125635922149,150,4.708459933290153
908,2025-07-21,80.03565078223616,167,0.836785161183905
909,2025-02-08,23.3712081910433,196,2.501797231077803
910,2025-09-30,54.00119146045106,113,3.454419882754114
911,2025-08-19,88.00790875614582,140,3.485679029459046
912,2025-03-27,65.08773690471942,166,3.2431947838440776
913,2025-05-06,53.29577865513353,147,1.3764410672593008
914,2025-10-27,32.43337531153756,60,0.7810328434331099
915,2025-01-25,33.300191305819794,103,3.1797016341335542
916,2025-05-25,66.94869551981901,96,2.996510580697189
917,2025-01-13,99.41393612211675,189,0.8967800514462049
918,2025-07-31,66.18391898493786,198,3.525695727852817
919,2025-01-25,55.77834173700249,188,2.275859958668282
920,2025-03-09,73.06505102392461,54,3.3388029580157648
921,2025-03-08,46.52056122837182,69,4.186835398850754
922,2025-08-21,6.0142342600785215,95,0.8486421428846158
923,2025-04-19,56.22968158779098,61,0.0957243399841834
924,2025-05-26,95.76252845053801,119,3.895512931978934
925,2025-04-21,17.530294235765965,66,3.0484871257630797
926,2025-08-16,69.00048908206658,164,3.4981978481106086
927,2025-04-21,20.093368865905646,196,4.190774874943212
928,2025-02-03,53.582768447308126,97,4.0140546741225025
929,2025-04-21,9.667644964671961,157,4.804600734644123
930,2025-09-21,45.037093625818514,101,2.679675394260591
931,2025-08-24,75.61633288952461,145,2.4424781632995267
932,2025-03-24,34.757152423898205,119,2.0094359994536504
933,2025-02-11,66.4911724487218,151,0.7684552142210227
934,2025-04-11,79.54499607897291,124,2.8630361644101123
935,2025-01-06,92.71778194794527,200,1.3850626216298938
936,2025-06-29,23.464208185545353,192,4.6065375610648776
937,2025-10-09,39.931591580930814,131,2.9159540213854878
938,2025-11-16,15.241601333041743,141,2.9642009025405507
939,2025-08-14,99.24835021583752,53,1.7746233043850501
940,2025-11-11,92.70009679242953,184,0.25994675988853744
941,2025-12-31,53.99571302805596,158,0.1587188268649431
942,2025-08-17,84.20332943764213,97,2.1166757207659876
943,2025-10-16,52.09579772720422,122,0.42282689048618927
944,2025-05-30,62.35856880027597,121,3.0342347777006955
945,2025-10-04,8.912443211601662,165,4.404865028198287
946,2025-07-17,75.52704204968079,130,4.414574082593611
947,2025-03-11,12.771348363523483,130,3.295227050661162
948,2025-04-22,82.60676302525283,162,1.0561591573646552
949,2025-01-04,78.20280876703859,145,4.3149841567943605
950,2025-12-16,70.87446977429764,121,4.430467176566041
951,2025-11-27,3.6160380524762115,196,0.9832679247647935
952,2025-11-14,30.31283559453286,112,3.6871304288533864
953,2025-12-16,26.311256991084285,87,1.4325977446356148
954,2025-04-05,36.01364074715191,116,4.013201561764649
955,2025-06-01,8.764274676383854,118,4.986189499518013
956,2025-11-07,93.69578230310628,62,0.15013002664696407
957,2025-05-17,55.38022407123763,80,4.486829328954659
958,2025-09-04,30.552431065802356,163,3.1131526679932904
959,2025-08-31,39.698151707428345,71,4.866913095824106
960,2025-01-31,44.72025405048357,142,2.325047587632138
961,2025-02-09,60.05943333606173,116,4.236939652856869
962,2025-08-17,51.567942769649775,103,0.31197034299138615
963,2025-02-05,91.93919732144174,187,1.6763952503914785
964,2025-08-11,49.696348290583025,91,0.33508268875604985
965,2025-01-06,99.21580148233127,113,4.876715667395352
966,2025-11-18,85.14249577450957,175,4.084869536359184
967,2025-08-08,20.85105143573358,70,4.262737106229853
968,2025-03-16,93.05952146439162,84,4.689826157169471
969,2025-01-04,11.636639788547608,79,0.42551743059892677
970,2025-12-01,81.74497084911916,106,1.9279879625666667
971,2025-05-14,38.06232934765801,96,0.3551744452200106
972,2025-04-28,87.79743204450695,68,1.053965507750143
973,2025-04-04,86.80566901074504,163,1.146828885188362
974,2025-03-03,80.59254001176211,57,2.3455360552378934
975,2025-07-13,79.00304363070614,75,1.342810837268213
976,2025-12-01,30.46791390980408,162,0.5048905340888055
977,2025-07-22,8.091928305125219,120,0.8374554454705385
978,2025-01-26,40.29801787651615,79,0.7363778177604546
979,2025-06-22,17.35245149865087,184,4.865383989561492
980,2025-10-27,69.49510889024617,116,3.796462534592368
981,2025-05-13,34.609972653778556,114,4.83880732634781
982,2025-11-22,97.56102008599149,85,2.198702432539543
983,2025-04-28,64.0972077345332,74,1.391842408313283
984,2025-11-20,82.24805636343609,86,3.9914659860459336
985,2025-10-02,13.252467274184843,50,1.631269590205734
986,2025-07-31,86.20144822726226,192,1.4969168685267413
987,2025-08-13,92.27571905133944,86,1.162529961039156
988,2025-01-20,48.70619188189359,190,0.6483948911211768
989,2025-04-23,60.625293775097745,185,1.2823153050838298
990,2025-05-20,76.48098009029954,182,1.7765987423694385
991,2025-02-16,17.483862726041256,177,3.369971040728652
992,2025-01-01,50.25660764634424,176,0.3128242110972579
993,2025-03-31,39.86630277723131,50,1.0525346983267148
994,2025-05-22,14.63739921622491,84,4.045118201458382
995,2025-11-16,36.753442229153144,153,0.7346096179188538
996,2025-02-07,6.817230938549357,72,1.7132257326126077
997,2025-10-20,2.5811906949486985,58,4.3232946092907
998,2025-05-19,13.516628915482276,83,0.7746265557172133
999,2025-12-22,96.31151115891738,177,0.4136841780909495
1000,2025-11-29,54.952953589501696,53,2.422689975400054
